iter	RMSE	MAE
0	57.81623813	32.50545153
1	57.43858871	32.1122073
2	57.01781462	31.71692813
3	56.66393408	31.35803747
4	56.40567856	31.045279
5	56.06363517	30.70937871
6	55.71318115	30.3713952
7	55.38402622	30.05259505
8	55.12612651	29.75857779
9	54.81238444	29.4568627
10	54.58050146	29.19148359
11	54.26961754	28.90993929
12	53.96873881	28.64035516
13	53.73212722	28.40498096
14	53.50332651	28.16806742
15	53.28561042	27.93841821
16	53.06753439	27.72181244
17	52.917624	27.54394007
18	52.74100186	27.33872858
19	52.53605722	27.13148846
20	52.34076813	26.9380789
21	52.12185868	26.72431622
22	51.9388278	26.5480103
23	51.73632429	26.37020682
24	51.53701228	26.17715541
25	51.36214933	26.01022959
26	51.18569264	25.83195596
27	51.04672506	25.68039591
28	50.9150195	25.54057346
29	50.75954233	25.39539205
30	50.63587463	25.26143726
31	50.50677525	25.13407567
32	50.41322952	25.02147535
33	50.29879495	24.90440467
34	50.19628936	24.79150604
35	50.10196597	24.68003118
36	49.95961018	24.5506086
37	49.85411402	24.44798863
38	49.77987436	24.35879327
39	49.69143625	24.26256842
40	49.60928686	24.17163248
41	49.4934497	24.06723319
42	49.40066276	23.97652466
43	49.31600066	23.88832133
44	49.20711589	23.7878985
45	49.12114199	23.70160598
46	49.00347476	23.597925
47	48.89724456	23.51308671
48	48.78428624	23.41581364
49	48.7193031	23.34710996
50	48.62961875	23.27437067
51	48.56125734	23.20450741
52	48.43357268	23.11134836
53	48.33497356	23.03242666
54	48.25905948	22.95943115
55	48.20230608	22.89857442
56	48.12661344	22.83616393
57	48.07472921	22.78231388
58	48.00989887	22.71783422
59	47.96233363	22.66441254
60	47.89029532	22.59592257
61	47.82084267	22.54107821
62	47.77235854	22.49128214
63	47.67715151	22.41524362
64	47.60670312	22.3554037
65	47.53047407	22.2920037
66	47.46526425	22.23828008
67	47.43209962	22.19721173
68	47.37482483	22.145324
69	47.32936844	22.09869405
70	47.2448252	22.04239301
71	47.19622352	22.00124407
72	47.15099182	21.96100976
73	47.09901503	21.92078103
74	47.05195964	21.87663837
75	47.00785901	21.84387734
76	46.96772862	21.81087791
77	46.93686891	21.78090596
78	46.91165919	21.75671789
79	46.86101684	21.71624713
80	46.83004069	21.68977609
81	46.73367064	21.64566286
82	46.71389329	21.61972305
83	46.69118646	21.59641793
84	46.65974514	21.56434469
85	46.59706756	21.52885716
86	46.56713794	21.50255145
87	46.52587506	21.47304214
88	46.50427623	21.45187713
89	46.46722637	21.42248726
90	46.44275257	21.39896391
91	46.41669132	21.37731535
92	46.40393355	21.35913334
93	46.39372987	21.34758194
94	46.36454607	21.32099365
95	46.31652397	21.29149327
96	46.28238934	21.2694022
97	46.21901361	21.23446242
98	46.16209372	21.20448247
99	46.1404911	21.18632488
100	46.10709076	21.16970022
101	46.08193754	21.15193253
102	46.0510781	21.12844269
103	46.01203709	21.11132835
104	45.98614044	21.09790986
105	45.91257273	21.06754669
106	45.87782049	21.04731813
107	45.86101691	21.0293792
108	45.81491918	21.00671091
109	45.78768006	20.98621118
110	45.77340208	20.97326394
111	45.7603098	20.96308444
112	45.74631452	20.95022765
113	45.72604385	20.93993878
114	45.68382621	20.91442569
115	45.65079047	20.89601201
116	45.6199243	20.87929111
117	45.60894397	20.86684367
118	45.58958312	20.8516053
119	45.57690375	20.84176753
120	45.53460858	20.81762049
121	45.52112955	20.80690598
122	45.49949364	20.7926602
123	45.46228338	20.77399885
124	45.45768229	20.76554317
125	45.43666501	20.75290078
126	45.4193936	20.74090068
127	45.41198587	20.7338241
128	45.39950794	20.7256328
129	45.38637034	20.71365473
130	45.36526074	20.69936719
131	45.31639241	20.67581973
132	45.29175201	20.65956929
133	45.27858609	20.64906393
134	45.22380211	20.62630426
135	45.18160135	20.61003369
136	45.17335513	20.60366329
137	45.13326941	20.58949366
138	45.11422434	20.57689605
139	45.08727071	20.56353644
140	45.05991791	20.5535897
141	45.01517773	20.53421997
142	45.0074806	20.52807183
143	44.99274487	20.51923654
144	44.97659267	20.50946257
145	44.96851567	20.50216628
146	44.96415571	20.49657897
147	44.94346911	20.48701439
148	44.94047769	20.48321126
149	44.92062405	20.47503852
150	44.87089924	20.45203412
151	44.82978576	20.43426301
152	44.8129278	20.42367568
153	44.79959429	20.4167964
154	44.78775247	20.40875215
155	44.78232196	20.40272375
156	44.77133507	20.39695507
157	44.75974214	20.38836722
158	44.68675994	20.36334094
159	44.60960235	20.33485783
160	44.59654298	20.32718602
161	44.57458665	20.31277489
162	44.53125948	20.29665246
163	44.52087481	20.29001354
164	44.51596771	20.28508459
165	44.480645	20.26913612
166	44.47063067	20.26233008
167	44.41720959	20.24251332
168	44.39350835	20.22797729
169	44.36320273	20.21335119
170	44.34677787	20.19982849
171	44.32339333	20.18808214
172	44.30620037	20.17484923
173	44.29456496	20.16676331
174	44.28652797	20.16027804
175	44.25431983	20.14370601
176	44.22911178	20.13229547
177	44.211869	20.1251585
178	44.20146117	20.1178333
179	44.17682664	20.10575503
180	44.15997898	20.09861638
181	44.1377242	20.09075348
182	44.12777085	20.08585138
183	44.08343633	20.06478378
184	44.049648	20.05369155
185	44.0319335	20.04285642
186	44.02462897	20.03398799
187	44.01815501	20.02551449
188	44.0118531	20.02020229
189	43.98824162	20.01232564
190	43.98111542	20.00883833
191	43.97540463	20.00255593
192	43.94557603	19.99061344
193	43.94025345	19.987007
194	43.9348572	19.982786
195	43.9241118	19.97840613
196	43.92197453	19.97650986
197	43.87391659	19.95660508
198	43.85847164	19.94578522
199	43.8465956	19.93766742
200	43.8377383	19.93098328
201	43.83415369	19.92679311
202	43.8117443	19.91482111
203	43.80892299	19.91259878
204	43.80393686	19.90750207
205	43.79706825	19.90272468
206	43.77214273	19.8875872
207	43.75645156	19.87654596
208	43.7265781	19.86464915
209	43.70078004	19.85262621
210	43.68778384	19.84096165
211	43.68459305	19.83657003
212	43.6693041	19.82868317
213	43.66251529	19.8231608
214	43.66030523	19.8221648
215	43.65042596	19.81660184
216	43.63378622	19.80736547
217	43.62909478	19.80261341
218	43.58636153	19.78670837
219	43.58269388	19.78338998
220	43.57472952	19.77889441
221	43.55445588	19.76897553
222	43.54961162	19.76460442
223	43.54655871	19.7617285
224	43.54237212	19.75879085
225	43.53898278	19.75475848
226	43.50600319	19.74277243
227	43.5021436	19.73801946
228	43.4861261	19.72844195
229	43.45549074	19.71331887
230	43.45371056	19.71111034
231	43.44996667	19.70952809
232	43.44585786	19.70628977
233	43.43362562	19.69653267
234	43.42362822	19.68745569
235	43.41767112	19.68264566
236	43.40323026	19.67358132
237	43.40086114	19.67250911
238	43.39943103	19.67147895
239	43.3911007	19.66286873
240	43.36029853	19.65233289
241	43.34143494	19.6462123
242	43.3361573	19.64266921
243	43.33133095	19.6395039
244	43.32955329	19.63736068
245	43.31484903	19.63029019
246	43.30618165	19.62652826
247	43.30277463	19.62488951
248	43.29967299	19.62216609
249	43.2770967	19.61355543
250	43.27160869	19.61118892
251	43.25587196	19.60500879
252	43.23484926	19.59464384
253	43.22955726	19.5899377
254	43.21351992	19.58280095
255	43.21096462	19.57987925
256	43.20908326	19.57896389
257	43.19025003	19.57002984
258	43.18242655	19.56338575
259	43.16215556	19.55754495
260	43.14689991	19.54636185
261	43.13131871	19.54224983
262	43.10702161	19.52969781
263	43.1041938	19.52620429
264	43.09964486	19.52470489
265	43.09776058	19.52251723
266	43.09592528	19.52015606
267	43.05860862	19.50709404
268	43.05380175	19.50432404
269	43.05308692	19.50225371
270	43.04369371	19.49693821
271	43.03713255	19.49478217
272	43.03363521	19.49238603
273	43.02653531	19.48677278
274	43.01805397	19.4857127
275	43.0166427	19.48425316
276	43.0159571	19.48250134
277	43.007561	19.47753413
278	43.0048262	19.47359223
279	42.98784655	19.46631019
280	42.9811459	19.46084387
281	42.97901747	19.45846016
282	42.97252767	19.45605083
283	42.9377586	19.44519954
284	42.92776275	19.43780747
285	42.91254339	19.42942647
286	42.91016351	19.42618108
287	42.89342789	19.41932969
288	42.88963695	19.41476267
289	42.85780441	19.40344779
290	42.8544533	19.39989578
291	42.84691144	19.3965195
292	42.84338518	19.39527424
293	42.81825562	19.38456577
294	42.80644294	19.37699083
295	42.80237732	19.37524496
296	42.79223553	19.36848873
297	42.78409169	19.36412207
298	42.75558733	19.34912307
299	42.74645471	19.34534209
300	42.72748994	19.3353073
301	42.71804674	19.32780147
302	42.70572082	19.3193591
303	42.69077314	19.31470496
304	42.67632897	19.30993155
305	42.66864164	19.30727339
306	42.66329781	19.30243006
307	42.66006132	19.29894123
308	42.64381548	19.29204569
309	42.64210726	19.29001205
310	42.63622392	19.28714608
311	42.62261844	19.2788174
312	42.61886169	19.27665261
313	42.60314363	19.27074643
314	42.60261141	19.27033881
315	42.57817825	19.25760994
316	42.57414476	19.25348598
317	42.56062819	19.24723867
318	42.55521234	19.24192729
319	42.48799316	19.21793244
320	42.47134772	19.21108464
321	42.46869869	19.20873428
322	42.462724	19.20595432
323	42.44510479	19.20006221
324	42.43331603	19.19592617
325	42.42718529	19.19161805
326	42.39864846	19.17934641
327	42.38792552	19.17248513
328	42.38523092	19.17053447
329	42.38393394	19.16963276
330	42.35173868	19.16340073
331	42.33792764	19.15904082
332	42.32835323	19.15161662
333	42.32629251	19.15043493
334	42.31169903	19.14539877
335	42.30837718	19.14176976
336	42.30365247	19.13823503
337	42.27768174	19.12680528
338	42.24817337	19.1136048
339	42.23989867	19.10653025
340	42.21463131	19.09749438
341	42.20622895	19.0934916
342	42.20543354	19.09248255
343	42.19578163	19.0875493
344	42.19100386	19.08541436
345	42.18872657	19.08324667
346	42.18565213	19.07945785
347	42.18280162	19.07740434
348	42.17847081	19.07292855
349	42.16060382	19.06836705
350	42.13540216	19.06133518
351	42.10332557	19.04911822
352	42.07567406	19.03247544
353	42.0689361	19.02643135
354	42.06764045	19.02451445
355	42.06664836	19.02190461
356	42.06328161	19.01768545
357	42.04614901	19.00735901
358	42.03107796	19.00014614
359	41.99820053	18.98671856
360	41.98878005	18.98147996
361	41.96265952	18.9719973
362	41.94563613	18.96339507
363	41.94277399	18.96031783
364	41.92568872	18.9538912
365	41.89870047	18.93779821
366	41.89078931	18.9335208
367	41.88699823	18.93156954
368	41.86649383	18.92509555
369	41.85751927	18.92128781
370	41.84780933	18.91523824
371	41.82723608	18.90769263
372	41.81317338	18.90191407
373	41.80039992	18.89407564
374	41.79248986	18.88934407
375	41.76474269	18.88336445
376	41.75875866	18.87980933
377	41.75641369	18.87801862
378	41.75610364	18.8779874
379	41.74047548	18.86460555
380	41.72890353	18.85970703
381	41.72735806	18.857617
382	41.69979534	18.84466757
383	41.68311753	18.83503432
384	41.67311368	18.82783089
385	41.66377488	18.82440642
386	41.64798084	18.81900102
387	41.63603281	18.81454042
388	41.62839609	18.81255454
389	41.62344091	18.80778949
390	41.60979305	18.79945129
391	41.60397019	18.79467403
392	41.59469323	18.79212209
393	41.5905762	18.78850064
394	41.55381316	18.78307511
395	41.54273777	18.77594019
396	41.53162115	18.7677964
397	41.52037621	18.7622367
398	41.50877194	18.75535878
399	41.50055486	18.7517784
400	41.4888821	18.74318183
401	41.46673972	18.73566433
402	41.45491473	18.72797671
403	41.42251359	18.71609077
404	41.39349573	18.70451664
405	41.37524741	18.69691277
406	41.36033743	18.69273743
407	41.35636352	18.68905137
408	41.34992405	18.68644671
409	41.34440865	18.68216018
410	41.33736357	18.67620477
411	41.3325376	18.67283505
412	41.3245317	18.66647358
413	41.31700345	18.66053911
414	41.31524671	18.65949793
415	41.29440806	18.65311236
416	41.28981372	18.64896659
417	41.26140037	18.64079167
418	41.25466469	18.63589522
419	41.2432358	18.62644583
420	41.23956682	18.62479283
421	41.22287202	18.61514992
422	41.21847076	18.60952461
423	41.20510214	18.60281421
424	41.20082654	18.59839664
425	41.19182042	18.59433472
426	41.17585075	18.5884567
427	41.16171201	18.58364784
428	41.15843181	18.5803801
429	41.15093614	18.57583444
430	41.13570818	18.56978478
431	41.1200203	18.56485989
432	41.10660988	18.56094526
433	41.09647825	18.55390788
434	41.08875631	18.54964648
435	41.07764004	18.54186455
436	41.07495078	18.5375793
437	41.06797603	18.53216068
438	41.05227331	18.52514368
439	41.02089031	18.51425122
440	41.00307896	18.50705715
441	40.99746273	18.50261814
442	40.9958769	18.50029143
443	40.98708876	18.49374792
444	40.98284218	18.49014616
445	40.97866378	18.48718379
446	40.97792132	18.48515389
447	40.96988677	18.47748132
448	40.96891076	18.4756903
449	40.94291946	18.4650463
450	40.93570886	18.4594656
451	40.93217484	18.45647493
452	40.92315127	18.45165731
453	40.90138128	18.4446331
454	40.88914542	18.43894608
455	40.8768561	18.43412441
456	40.83980158	18.42007522
457	40.80936	18.4068284
458	40.80718384	18.40372162
459	40.79817298	18.39860121
460	40.76473926	18.38632634
461	40.75201076	18.37806592
462	40.72731426	18.37102103
463	40.72512316	18.36896907
464	40.72084314	18.36439529
465	40.70502204	18.35977229
466	40.69831616	18.35473386
467	40.69297037	18.35258768
468	40.66528347	18.34176386
469	40.6578067	18.3369887
470	40.64178073	18.32934098
471	40.64069897	18.32790038
472	40.62028293	18.32027836
473	40.61107103	18.31522834
474	40.60370601	18.3114798
475	40.60001606	18.30664939
476	40.59092372	18.3013398
477	40.58919251	18.29896953
478	40.57979535	18.29195961
479	40.57023181	18.28691807
480	40.56813711	18.28354429
481	40.56454165	18.28105099
482	40.54795753	18.27621961
483	40.54437067	18.27172973
484	40.51719762	18.26024767
485	40.50694118	18.25621701
486	40.48474134	18.24839485
487	40.46977287	18.24675719
488	40.46550857	18.24240795
489	40.45802938	18.23498135
490	40.45216303	18.23125148
491	40.44760386	18.22741759
492	40.44599345	18.22417891
493	40.41704298	18.21369781
494	40.40634484	18.20549917
495	40.39468726	18.19985868
496	40.38481757	18.19596228
497	40.38272363	18.19362794
498	40.3762218	18.18873851
499	40.37059848	18.18644588
500	40.3642399	18.18321518
501	40.35801534	18.17884522
502	40.33716202	18.17267588
503	40.33532187	18.1710708
504	40.3303225	18.16720801
505	40.32450673	18.16153647
506	40.31987754	18.15858903
507	40.31650716	18.15505686
508	40.2997947	18.15058472
509	40.28724626	18.14372047
510	40.27917585	18.13844695
511	40.27674782	18.13556664
512	40.25322551	18.12544831
513	40.23912696	18.11709615
514	40.22803418	18.11098925
515	40.21888821	18.10789471
516	40.21548068	18.10567936
517	40.21227147	18.10342077
518	40.20897816	18.10112789
519	40.18972417	18.0930822
520	40.18187728	18.08611049
521	40.16857413	18.07586005
522	40.16391364	18.07288119
523	40.14962986	18.06451078
524	40.13921268	18.05668224
525	40.13015076	18.05072665
526	40.12765345	18.04796103
527	40.12389934	18.04475786
528	40.12243779	18.04382491
529	40.11608132	18.04177272
530	40.1136844	18.03963493
531	40.104716	18.03507254
532	40.09426656	18.0289155
533	40.08971837	18.02363219
534	40.08706506	18.0218156
535	40.07447172	18.0137173
536	40.07088993	18.01000911
537	40.05676039	18.0005613
538	40.03913105	17.9926321
539	40.03272262	17.9893626
540	40.01736921	17.98232472
541	40.01073023	17.97869863
542	40.00231342	17.97268049
543	39.99803599	17.96867964
544	39.99009254	17.96293704
545	39.97429433	17.9548258
546	39.95597666	17.94792311
547	39.95505922	17.94649634
548	39.93503165	17.93788125
549	39.92842547	17.93349829
550	39.91051343	17.92872266
551	39.89612782	17.92108899
552	39.89335087	17.91881456
553	39.88763582	17.91727967
554	39.87536645	17.91117156
555	39.85050906	17.89983608
556	39.84786249	17.89721326
557	39.84259047	17.89427001
558	39.83468284	17.89179999
559	39.82757722	17.88661918
560	39.82618891	17.88494547
561	39.82101451	17.88124851
562	39.81826054	17.87908855
563	39.80796751	17.8749675
564	39.80377553	17.87213313
565	39.79103763	17.86546504
566	39.78678819	17.86254283
567	39.78386066	17.86076464
568	39.75655436	17.85199875
569	39.74892175	17.84820933
570	39.74803998	17.84715551
571	39.73816447	17.84263068
572	39.7350848	17.84086679
573	39.72960194	17.83751159
574	39.72038526	17.83144491
575	39.70755697	17.82557405
576	39.70367801	17.8205339
577	39.69474347	17.81810087
578	39.6825612	17.80974754
579	39.67032222	17.80423509
580	39.66159248	17.79718627
581	39.65203802	17.79000956
582	39.63206595	17.78448004
583	39.6155514	17.77856318
584	39.59114291	17.76611211
585	39.58088493	17.76134542
586	39.57683044	17.75665217
587	39.56096241	17.74923606
588	39.5463638	17.74098602
589	39.53127186	17.73555597
590	39.52221944	17.73034997
591	39.50792222	17.72352447
592	39.50189229	17.7187798
593	39.49440487	17.71261713
594	39.4855159	17.70758467
595	39.47393677	17.70131675
596	39.46958162	17.69741874
597	39.46866142	17.69651814
598	39.46616742	17.69514395
599	39.45087433	17.69154731
600	39.44677558	17.68862176
601	39.43684219	17.68487651
602	39.43112039	17.68107355
603	39.42648172	17.67725492
604	39.40382966	17.67117275
605	39.39830599	17.66890844
606	39.39623982	17.66632508
607	39.38388131	17.66083433
608	39.37892185	17.65623423
609	39.37369725	17.65328474
610	39.35377001	17.64589868
611	39.34787598	17.63953615
612	39.32301689	17.63174854
613	39.32005431	17.62907183
614	39.31832101	17.62706158
615	39.31255058	17.62164136
616	39.30093733	17.61514412
617	39.28827418	17.60713346
618	39.27712084	17.60244221
619	39.27596009	17.60115072
620	39.26850568	17.59774071
621	39.25668185	17.59069506
622	39.25505662	17.58841449
623	39.24893552	17.58474598
624	39.24677756	17.58232625
625	39.24046322	17.57801895
626	39.23788008	17.5760959
627	39.2178375	17.56844047
628	39.21257913	17.56525745
629	39.20781662	17.56210258
630	39.18276111	17.5545522
631	39.17189487	17.55188643
632	39.15781214	17.54428912
633	39.1530399	17.54052933
634	39.14961167	17.53754148
635	39.1404524	17.53046095
636	39.13304379	17.52648048
637	39.11643578	17.51995842
638	39.11594809	17.51947507
639	39.11514192	17.51824243
640	39.11278564	17.51614928
641	39.11145246	17.51436967
642	39.10089146	17.50922473
643	39.09541981	17.50445971
644	39.09260896	17.50125024
645	39.06849641	17.49532966
646	39.06553257	17.49213593
647	39.06090964	17.48789801
648	39.03922603	17.48059847
649	39.0261294	17.47308199
650	39.02141605	17.46947475
651	39.00950406	17.4664926
652	38.99043963	17.46168698
653	38.98588346	17.45746238
654	38.97337243	17.44901411
655	38.96647544	17.44450139
656	38.96339469	17.44245489
657	38.96071651	17.44142859
658	38.95429572	17.43840363
659	38.94985773	17.43536941
660	38.94728896	17.43270726
661	38.93394017	17.42825293
662	38.92823162	17.42460257
663	38.92460398	17.42134122
664	38.92420759	17.42092024
665	38.92213165	17.41919205
666	38.90149794	17.40977827
667	38.8848331	17.40525936
668	38.88199815	17.40259771
669	38.86760313	17.39444576
670	38.86225033	17.39029807
671	38.84964002	17.38526613
672	38.84702695	17.38281545
673	38.84193233	17.38093334
674	38.8411277	17.37959572
675	38.8365353	17.3774104
676	38.83500892	17.3754398
677	38.82733021	17.37267723
678	38.81677525	17.3703447
679	38.81481953	17.36860992
680	38.81321258	17.3674694
681	38.80924974	17.36503885
682	38.79494672	17.35857956
683	38.79109162	17.35634578
684	38.78789575	17.35472333
685	38.78516273	17.35330994
686	38.77473263	17.3486805
687	38.76649931	17.34563115
688	38.76422518	17.34439275
689	38.76280014	17.34340237
690	38.75895002	17.34088969
691	38.75652812	17.33845715
692	38.75337847	17.33651309
693	38.74764193	17.3341592
694	38.73479961	17.32690662
695	38.72840861	17.32385647
696	38.71524818	17.31826588
697	38.7135641	17.31654633
698	38.71122363	17.31470443
699	38.70987439	17.31311492
700	38.69981873	17.30783561
701	38.69751426	17.30589982
702	38.69349649	17.30479136
703	38.67708314	17.29790797
704	38.67284052	17.29486259
705	38.66828147	17.29050497
706	38.66242038	17.28595633
707	38.64731788	17.28146918
708	38.64561138	17.27939441
709	38.64379099	17.27670884
710	38.63515642	17.26933671
711	38.62335189	17.26127232
712	38.62267743	17.260633
713	38.62094721	17.25984952
714	38.6154389	17.25568136
715	38.60956089	17.25137748
716	38.58959365	17.24417004
717	38.58753567	17.24212438
718	38.5857268	17.24021337
719	38.57490787	17.23623003
720	38.54491034	17.22740891
721	38.53910159	17.22589824
722	38.52724553	17.2205166
723	38.52323924	17.21739422
724	38.51440068	17.2127055
725	38.50841435	17.20783407
726	38.50292574	17.20319621
727	38.49583056	17.198963
728	38.4781753	17.19012683
729	38.46624071	17.18663429
730	38.46374727	17.18389371
731	38.46071454	17.1804251
732	38.45579059	17.17814256
733	38.44557483	17.17109751
734	38.42792356	17.16640748
735	38.41911231	17.16115419
736	38.41054312	17.15895948
737	38.40942121	17.15745549
738	38.3949312	17.15220988
739	38.38884474	17.15000671
740	38.3815521	17.14545487
741	38.37490581	17.14278903
742	38.36929532	17.13874729
743	38.36411462	17.13661884
744	38.36374328	17.13593447
745	38.36298575	17.13469182
746	38.35994271	17.13258474
747	38.34673985	17.12781154
748	38.34496619	17.12646417
749	38.33833745	17.12517345
750	38.33522044	17.12340911
751	38.32346043	17.11887057
752	38.31983425	17.11689436
753	38.31776869	17.11463268
754	38.31574175	17.11345541
755	38.31292421	17.11021542
756	38.3112937	17.10858574
757	38.30819846	17.10769841
758	38.30481717	17.10481318
759	38.30378472	17.10350103
760	38.29937292	17.09979171
761	38.29770804	17.09774079
762	38.2953593	17.09427877
763	38.29329747	17.09209251
764	38.29057087	17.09033366
765	38.28728703	17.08611775
766	38.2838247	17.08391482
767	38.27835606	17.08176349
768	38.26974872	17.07748563
769	38.26855946	17.07663354
770	38.26723208	17.07537211
771	38.26187017	17.07241755
772	38.25584687	17.07151688
773	38.24692588	17.06810518
774	38.24325054	17.06589511
775	38.2315496	17.06073278
776	38.22114508	17.05482058
777	38.217986	17.05270762
778	38.21399998	17.05028883
779	38.2115613	17.04755663
780	38.21099331	17.04641693
781	38.20508016	17.0435348
782	38.20426364	17.04178494
783	38.19820141	17.03880389
784	38.19529582	17.03694288
785	38.19391736	17.03576398
786	38.19048352	17.0337746
787	38.18670778	17.03091115
788	38.18639733	17.03042985
789	38.18198585	17.02710465
790	38.16980363	17.0216756
791	38.16614696	17.0200183
792	38.15258685	17.01666855
793	38.15071808	17.01470168
794	38.14835525	17.01260593
795	38.13905848	17.01092611
796	38.12573092	17.00709851
797	38.12438837	17.00529296
798	38.12092584	17.00144121
799	38.11581793	16.99894766
800	38.11409629	16.99659269
801	38.10508219	16.99126638
802	38.10428001	16.99021143
803	38.08465039	16.98284526
804	38.06198163	16.97567995
805	38.04048699	16.96772848
806	38.03266557	16.96539818
807	38.01154777	16.95687883
808	38.00682811	16.95281173
809	37.99590257	16.95062803
810	37.97748503	16.94281224
811	37.96619234	16.93868044
812	37.96595255	16.93835344
813	37.96404306	16.93608297
814	37.95582365	16.93229274
815	37.95264691	16.92928503
816	37.94216871	16.92282689
817	37.92514663	16.91450811
818	37.9229733	16.91287251
819	37.92022849	16.91033329
820	37.91957579	16.90974077
821	37.91739285	16.90870914
822	37.90669801	16.9033753
823	37.89460898	16.89812575
824	37.87990022	16.89330328
825	37.86703226	16.8886866
826	37.86089837	16.88524482
827	37.84366492	16.87886934
828	37.82704912	16.8726685
829	37.82659493	16.87207937
830	37.82458683	16.86975145
831	37.82321093	16.86847702
832	37.81789832	16.86507971
833	37.81463355	16.86354109
834	37.81142162	16.8614453
835	37.80910895	16.85875176
836	37.80588048	16.85565816
837	37.80512672	16.85502071
838	37.80293343	16.85254462
839	37.7972535	16.85039523
840	37.79226462	16.84837902
841	37.78854867	16.84666858
842	37.78774495	16.84547759
843	37.7865046	16.84377213
844	37.78221886	16.84084724
845	37.78086538	16.83947138
846	37.77524425	16.83660429
847	37.77297105	16.83457785
848	37.7682986	16.83093747
849	37.76368985	16.82864035
850	37.76296675	16.82815038
851	37.76271369	16.82782492
852	37.75276098	16.8236878
853	37.74973924	16.82135579
854	37.74652995	16.81855223
855	37.74284535	16.81533942
856	37.73382384	16.81075423
857	37.7298676	16.80755013
858	37.72821762	16.8053846
859	37.72465735	16.80133434
860	37.71895957	16.79702861
861	37.71121057	16.79332716
862	37.70688187	16.79031219
863	37.70435412	16.78807057
864	37.70273972	16.78648971
865	37.70007415	16.78414316
866	37.69483462	16.78158808
867	37.69170407	16.7787959
868	37.69018516	16.7771955
869	37.68582801	16.77291261
870	37.68324477	16.77137481
871	37.67951542	16.76886509
872	37.67362122	16.76450632
873	37.67164418	16.7624558
874	37.67072537	16.76147379
875	37.66410215	16.75823015
876	37.65444305	16.75313312
877	37.64433301	16.74787524
878	37.64156042	16.74574811
879	37.63749737	16.74282765
880	37.63699791	16.74155758
881	37.63077708	16.73888625
882	37.62736332	16.73735266
883	37.62454309	16.73478871
884	37.60529844	16.72940225
885	37.59614466	16.72557975
886	37.59126173	16.72292576
887	37.58677367	16.72037462
888	37.58440366	16.71900863
889	37.58053102	16.71602498
890	37.58012112	16.71553079
891	37.5766902	16.71342955
892	37.57485288	16.71150605
893	37.5682359	16.70850591
894	37.56272273	16.70544017
895	37.56155684	16.70392491
896	37.5581817	16.70146867
897	37.55305549	16.69787893
898	37.55085678	16.69613211
899	37.54707254	16.69412669
900	37.54474381	16.692092
901	37.53369369	16.68759455
902	37.53132349	16.68563095
903	37.52976599	16.68409943
904	37.52830063	16.68255808
905	37.52286148	16.67949566
906	37.52245383	16.67843732
907	37.52139999	16.67722456
908	37.51643632	16.67374369
909	37.51263653	16.67127195
910	37.5078096	16.66714534
911	37.50588913	16.66544811
912	37.49726832	16.66167279
913	37.49344505	16.65850707
914	37.49189678	16.65744072
915	37.49078257	16.65615583
916	37.48931584	16.65443539
917	37.48276251	16.65227418
918	37.47623288	16.64845495
919	37.4736483	16.64664414
920	37.47079236	16.6447924
921	37.4705279	16.64375523
922	37.46783069	16.64159097
923	37.46221565	16.63917901
924	37.45985057	16.63791354
925	37.45114158	16.63182927
926	37.45002819	16.63071451
927	37.435048	16.62376994
928	37.42232577	16.61925468
929	37.41644932	16.61611929
930	37.41480867	16.61428351
931	37.4125731	16.61197907
932	37.40751979	16.6093155
933	37.40543692	16.60651556
934	37.39482385	16.60275773
935	37.39149229	16.59941061
936	37.38433296	16.59659136
937	37.37796817	16.59132549
938	37.3768587	16.59022192
939	37.37475691	16.58848202
940	37.36851603	16.58678517
941	37.34950703	16.58010637
942	37.34635141	16.57780908
943	37.33810836	16.57375736
944	37.33421054	16.57022544
945	37.33171204	16.56858055
946	37.33117861	16.56779248
947	37.33012707	16.56613868
948	37.32429497	16.56283006
949	37.31630804	16.55895178
950	37.31436598	16.55716052
951	37.30358601	16.5527168
952	37.29939633	16.54920953
953	37.29776416	16.54721182
954	37.29727644	16.54670804
955	37.29640412	16.54553631
956	37.29378643	16.54311191
957	37.29324226	16.54210821
958	37.29034359	16.53895167
959	37.2900006	16.53846798
960	37.2819285	16.53538359
961	37.28041686	16.53393007
962	37.27695283	16.53196272
963	37.27460518	16.52988989
964	37.27380709	16.52909355
965	37.27224585	16.52822637
966	37.26307978	16.52468973
967	37.26142874	16.52293899
968	37.26104251	16.52187575
969	37.25985904	16.52034689
970	37.25825862	16.51890795
971	37.25068754	16.51506726
972	37.24857461	16.51349412
973	37.24504029	16.51098545
974	37.23422243	16.50573179
975	37.22488121	16.50143127
976	37.22225254	16.49973476
977	37.2203445	16.4982775
978	37.21377519	16.49503633
979	37.20865177	16.49241154
980	37.20716892	16.4909586
981	37.19142793	16.48577072
982	37.1900383	16.48439073
983	37.18276281	16.48002965
984	37.17846862	16.47694758
985	37.17554436	16.47445496
986	37.17261215	16.4717875
987	37.15918599	16.46927032
988	37.15618806	16.46726582
989	37.15418234	16.46445842
990	37.15009126	16.46301242
991	37.1462057	16.46082895
992	37.14538454	16.45978746
993	37.14378985	16.45767199
994	37.14242681	16.45700502
995	37.13889187	16.45571861
996	37.13627388	16.45304627
997	37.13517872	16.45168597
998	37.13300654	16.44936428
999	37.13053189	16.44687205
1000	37.11685845	16.44223019
1001	37.0994799	16.43693733
1002	37.08433594	16.43081175
1003	37.08149209	16.42863176
1004	37.07197207	16.42646749
1005	37.06977838	16.42425081
1006	37.06857286	16.4235591
1007	37.06478054	16.42044787
1008	37.06378077	16.41909034
1009	37.06222029	16.41730332
1010	37.05961051	16.41583243
1011	37.058474	16.41465008
1012	37.03985015	16.41149773
1013	37.03833029	16.41077675
1014	37.03793352	16.41015962
1015	37.03696299	16.40913691
1016	37.03290803	16.40583566
1017	37.03066795	16.40406975
1018	37.02267794	16.40041947
1019	37.01617432	16.39713653
1020	37.01208468	16.39411522
1021	37.00326046	16.38892607
1022	36.99580273	16.38697749
1023	36.99384079	16.3853532
1024	36.98681208	16.38334147
1025	36.98421392	16.38181719
1026	36.98253331	16.38050277
1027	36.97798859	16.37747612
1028	36.97385165	16.37545733
1029	36.97180164	16.37374496
1030	36.96444585	16.37109452
1031	36.96174738	16.36917415
1032	36.96102009	16.36855266
1033	36.9579143	16.36642087
1034	36.95778164	16.36623523
1035	36.94139956	16.36038013
1036	36.93914185	16.35810945
1037	36.93657174	16.35606841
1038	36.93097327	16.35289897
1039	36.92808339	16.351741
1040	36.9223639	16.34865794
1041	36.91713214	16.34500111
1042	36.91250184	16.34248505
1043	36.9041398	16.33826393
1044	36.9033611	16.33771959
1045	36.8968623	16.33463641
1046	36.89647564	16.33396006
1047	36.89429108	16.33248851
1048	36.88843278	16.32963171
1049	36.88684533	16.32760631
1050	36.88241239	16.32374052
1051	36.88006222	16.32200862
1052	36.87934726	16.3208465
1053	36.87205317	16.31737412
1054	36.86648143	16.31489548
1055	36.86332401	16.31127786
1056	36.85863238	16.30793061
1057	36.85619516	16.30580618
1058	36.85546181	16.30431065
1059	36.84867806	16.3014232
1060	36.84213708	16.29781701
1061	36.84140295	16.29662846
1062	36.84087896	16.29632092
1063	36.83055755	16.29215842
1064	36.82901342	16.28998064
1065	36.82349563	16.2865911
1066	36.82113501	16.28445992
1067	36.81904665	16.28264296
1068	36.81619155	16.27951773
1069	36.8096821	16.27634259
1070	36.80556513	16.27290078
1071	36.8052152	16.27215801
1072	36.80414547	16.27034115
1073	36.79863565	16.2667434
1074	36.79260683	16.26400655
1075	36.79026693	16.26278768
1076	36.7860885	16.25995058
1077	36.78128901	16.25771791
1078	36.77979105	16.256016
1079	36.77741778	16.25388171
1080	36.77137895	16.25059544
1081	36.77072395	16.24955043
1082	36.76925979	16.24794218
1083	36.7661247	16.24608012
1084	36.76580749	16.245646
1085	36.76356848	16.24421582
1086	36.76004882	16.2412746
1087	36.75847956	16.23972359
1088	36.75684424	16.23851052
1089	36.75233139	16.23475356
1090	36.74847786	16.23263497
1091	36.74316531	16.22926367
1092	36.74050288	16.22817616
1093	36.73692268	16.22736356
1094	36.73441357	16.22558225
1095	36.72510482	16.2220764
1096	36.7241908	16.22120754
1097	36.72276002	16.21847775
1098	36.71497203	16.21377727
1099	36.7142976	16.21252579
1100	36.70411631	16.20884728
1101	36.69514754	16.20397621
1102	36.68682394	16.20004809
1103	36.68517659	16.19857894
1104	36.67760207	16.19621042
1105	36.67717512	16.19537199
1106	36.67561683	16.1935896
1107	36.67241673	16.19202496
1108	36.6704861	16.19078185
1109	36.66163595	16.18676176
1110	36.65871563	16.18430968
1111	36.65643694	16.18273842
1112	36.65493921	16.18142796
1113	36.65242094	16.17996159
1114	36.63819014	16.17771888
1115	36.6321265	16.17501984
1116	36.63140075	16.17416757
1117	36.63039025	16.17290487
1118	36.6261978	16.17007646
1119	36.62604533	16.16986202
1120	36.62022634	16.16843607
1121	36.61661282	16.16479304
1122	36.61366379	16.16219764
1123	36.60581094	16.15847332
1124	36.60264742	16.15677628
1125	36.59912811	16.15457754
1126	36.59111166	16.15102529
1127	36.58524423	16.1483411
1128	36.58381615	16.14694344
1129	36.58208646	16.14482492
1130	36.57828443	16.14272704
1131	36.57673702	16.14040633
1132	36.57517772	16.13891948
1133	36.56718523	16.13583443
1134	36.56304167	16.13293412
1135	36.55935403	16.12995128
1136	36.55813419	16.12877672
1137	36.55674694	16.12789832
1138	36.55207988	16.12396902
1139	36.54218848	16.12045816
1140	36.53046537	16.11595298
1141	36.52900004	16.11454111
1142	36.52875651	16.11418131
1143	36.5268583	16.11263226
1144	36.52408862	16.11001808
1145	36.52128715	16.1080334
1146	36.51956368	16.10602736
1147	36.51719047	16.10407444
1148	36.5142303	16.10133241
1149	36.51380574	16.10071162
1150	36.51214187	16.09876024
1151	36.50826464	16.09706653
1152	36.49942265	16.09420021
1153	36.49564989	16.09095415
1154	36.4921097	16.08813969
1155	36.49114851	16.0871342
1156	36.48981733	16.08607608
1157	36.48933486	16.08533149
1158	36.48791046	16.0834864
1159	36.48732144	16.0827171
1160	36.48552971	16.08070326
1161	36.47894471	16.07846857
1162	36.47321143	16.07472412
1163	36.47126339	16.07233082
1164	36.46944992	16.07096563
1165	36.46376719	16.0666202
1166	36.46049831	16.06349747
1167	36.45993662	16.06292029
1168	36.45630983	16.06008626
1169	36.45255715	16.05791645
1170	36.45067843	16.05640558
1171	36.44473121	16.0540555
1172	36.44232705	16.05277096
1173	36.43717179	16.04989565
1174	36.43115899	16.04807668
1175	36.43094692	16.04761915
1176	36.42993284	16.04685482
1177	36.42899515	16.04594474
1178	36.42798045	16.04450052
1179	36.4260925	16.04257635
1180	36.42343478	16.0412221
1181	36.42128437	16.0401409
1182	36.41910852	16.03877781
1183	36.41209795	16.03560354
1184	36.40988944	16.03374854
1185	36.40655116	16.03094763
1186	36.40474298	16.02877747
1187	36.40175666	16.02743095
1188	36.3974102	16.02497643
1189	36.39265388	16.02175492
1190	36.3903565	16.01999587
1191	36.38732421	16.01852794
1192	36.3853174	16.01699066
1193	36.3823241	16.01454063
1194	36.380116	16.01304339
1195	36.37568941	16.012096
1196	36.37345091	16.00960037
1197	36.37194797	16.00816189
1198	36.37032243	16.00681174
1199	36.36450456	16.00282695
1200	36.36383745	16.00181578
1201	36.35846675	15.99868689
1202	36.3512849	15.99613914
1203	36.34850474	15.99483019
1204	36.34682856	15.99304123
1205	36.34292582	15.99144645
1206	36.33902376	15.99000852
1207	36.31831138	15.98454471
1208	36.31714035	15.98348266
1209	36.31128435	15.98098889
1210	36.30888615	15.97888686
1211	36.30697021	15.97635714
1212	36.30537563	15.97534802
1213	36.30211819	15.97292231
1214	36.29994932	15.97103834
1215	36.29960964	15.97018579
1216	36.29691358	15.9682292
1217	36.29668824	15.96745322
1218	36.29592627	15.96650407
1219	36.29238305	15.9643035
1220	36.29007467	15.9625297
1221	36.28867621	15.96113308
1222	36.28476967	15.95859125
1223	36.28400456	15.95780495
1224	36.28330235	15.95691633
1225	36.27952012	15.95460417
1226	36.27849624	15.95373864
1227	36.27797928	15.95320337
1228	36.27631784	15.95185278
1229	36.27509416	15.95098222
1230	36.26973782	15.94887777
1231	36.26789186	15.94757134
1232	36.26624115	15.94595543
1233	36.26412356	15.94417567
1234	36.2590544	15.94202634
1235	36.25660801	15.93923219
1236	36.25299512	15.93707727
1237	36.24914291	15.93435871
1238	36.24549989	15.93226212
1239	36.24305394	15.9301502
1240	36.24174284	15.92889056
1241	36.24058911	15.9274489
1242	36.23919534	15.92595199
1243	36.23497102	15.92355914
1244	36.22870127	15.92086116
1245	36.22416905	15.91787372
1246	36.22115018	15.9152857
1247	36.21902396	15.91397205
1248	36.21251257	15.91128433
1249	36.20869735	15.90840989
1250	36.20700162	15.90689134
1251	36.20119189	15.9047949
1252	36.19971584	15.90343942
1253	36.19928417	15.90271989
1254	36.1957813	15.89982135
1255	36.19436315	15.89847221
1256	36.18950147	15.89527165
1257	36.18047043	15.89294519
1258	36.17867105	15.89142527
1259	36.17505581	15.88808402
1260	36.17020749	15.88427995
1261	36.16733253	15.88231809
1262	36.16595851	15.88112254
1263	36.16438676	15.8801099
1264	36.16115165	15.87879854
1265	36.16025846	15.8780108
1266	36.15990067	15.87753117
1267	36.15374282	15.8757539
1268	36.14867274	15.87293846
1269	36.1465968	15.87161386
1270	36.14293296	15.86901194
1271	36.13957862	15.8669822
1272	36.13676593	15.86499388
1273	36.13588202	15.86415448
1274	36.13491719	15.86360367
1275	36.13352278	15.8625404
1276	36.13325868	15.86195193
1277	36.13125	15.86070455
1278	36.12802264	15.859346
1279	36.12714552	15.85816512
1280	36.11837987	15.85450243
1281	36.11587738	15.85242017
1282	36.11545608	15.85197597
1283	36.10877183	15.848641
1284	36.1060114	15.8466144
1285	36.10024583	15.84428069
1286	36.09912322	15.84360871
1287	36.09270004	15.84169377
1288	36.09226347	15.84099418
1289	36.08468524	15.8383102
1290	36.07940126	15.83582461
1291	36.07752085	15.83409776
1292	36.07520083	15.83178117
1293	36.06786198	15.82902876
1294	36.06459069	15.82607451
1295	36.05611491	15.82317898
1296	36.05475377	15.82205385
1297	36.05387133	15.82097264
1298	36.05237507	15.81961242
1299	36.05203637	15.81914474
1300	36.04890873	15.81702355
1301	36.04315644	15.81378139
1302	36.04079829	15.81137291
1303	36.03566991	15.80787914
1304	36.03179771	15.80412854
1305	36.02875896	15.80133904
1306	36.0220205	15.79918712
1307	36.0177986	15.79607933
1308	36.01204873	15.79260301
1309	36.00791249	15.79148039
1310	36.00641181	15.79056125
1311	36.00477394	15.78991936
1312	36.00237518	15.78772083
1313	36.00070773	15.78675137
1314	35.99959125	15.78589266
1315	35.99692393	15.78403681
1316	35.99565172	15.78269331
1317	35.99494426	15.78204301
1318	35.99224547	15.78052027
1319	35.9861231	15.77748719
1320	35.98186443	15.7746249
1321	35.98086447	15.77335582
1322	35.97987	15.77249389
1323	35.97600684	15.77010552
1324	35.97106456	15.76679058
1325	35.97072078	15.76617891
1326	35.96818088	15.76471094
1327	35.96249154	15.76162809
1328	35.95839068	15.75980934
1329	35.95404542	15.75743688
1330	35.95191399	15.75629679
1331	35.95160518	15.75568046
1332	35.94621252	15.7527284
1333	35.94511746	15.75159811
1334	35.93724932	15.74837821
1335	35.93636871	15.74689302
1336	35.93293605	15.74446388
1337	35.92938037	15.74196914
1338	35.9278503	15.74066451
1339	35.92451586	15.73856812
1340	35.92209338	15.73695451
1341	35.91759522	15.73407448
1342	35.91488898	15.73245679
1343	35.91173177	15.72968104
1344	35.90754446	15.72662041
1345	35.90640702	15.72475018
1346	35.90135573	15.7226843
1347	35.89738811	15.72028894
1348	35.8895418	15.71770895
1349	35.88820482	15.71649674
1350	35.88643412	15.71450125
1351	35.88430487	15.71236331
1352	35.8825207	15.71077709
1353	35.88153464	15.70980098
1354	35.88017523	15.70851513
1355	35.86434458	15.70364604
1356	35.86193792	15.70212132
1357	35.86063175	15.70132095
1358	35.85912665	15.70016852
1359	35.85413327	15.69674384
1360	35.85362291	15.69614037
1361	35.85275124	15.69511419
1362	35.8487243	15.69312389
1363	35.8443342	15.68980319
1364	35.84136122	15.68803914
1365	35.83977033	15.68602487
1366	35.833457	15.68348092
1367	35.8325038	15.68257066
1368	35.81834449	15.67823346
1369	35.81731475	15.67718287
1370	35.81177523	15.67545206
1371	35.81021128	15.67401713
1372	35.80368168	15.66974475
1373	35.79788625	15.66661722
1374	35.79464184	15.664383
1375	35.79363125	15.66337763
1376	35.79032913	15.66130907
1377	35.78919368	15.66016404
1378	35.78346675	15.65915341
1379	35.7800333	15.65640512
1380	35.77742733	15.65509256
1381	35.77544818	15.65395485
1382	35.76749961	15.64946491
1383	35.76733891	15.64916032
1384	35.76654855	15.64799809
1385	35.75807554	15.6443185
1386	35.75725706	15.64346652
1387	35.75270806	15.64102008
1388	35.75229065	15.64025014
1389	35.74608529	15.63624395
1390	35.74488757	15.63496616
1391	35.7421286	15.63215158
1392	35.73139986	15.62699136
1393	35.73060401	15.62591008
1394	35.71797975	15.62256553
1395	35.71285407	15.6200233
1396	35.71058704	15.61827631
1397	35.70964173	15.61721563
1398	35.70718555	15.61535715
1399	35.70392713	15.6135875
1400	35.70333598	15.61285806
1401	35.70309678	15.61229872
1402	35.70131743	15.61023395
1403	35.69952244	15.60861741
1404	35.69486242	15.60604272
1405	35.69371976	15.60463819
1406	35.68487123	15.6008631
1407	35.68382724	15.59913872
1408	35.68071369	15.59684283
1409	35.66748265	15.59303554
1410	35.6653236	15.59106885
1411	35.6643964	15.59010467
1412	35.66057985	15.58838608
1413	35.65854283	15.58704519
1414	35.65607049	15.58519005
1415	35.65398878	15.58359699
1416	35.65341248	15.58303613
1417	35.64437487	15.5790487
1418	35.64322908	15.57822504
1419	35.63902339	15.57490543
1420	35.63815151	15.5736565
1421	35.63694579	15.57241413
1422	35.63353294	15.57027966
1423	35.63255587	15.56931266
1424	35.62955988	15.56795618
1425	35.62269666	15.56612282
1426	35.62132541	15.56498583
1427	35.62026078	15.5637193
1428	35.61947437	15.56287202
1429	35.61761473	15.5604586
1430	35.6074364	15.55651618
1431	35.60492765	15.55490719
1432	35.60402481	15.55371878
1433	35.60187159	15.5519975
1434	35.59529493	15.55033833
1435	35.59129059	15.54768213
1436	35.58607499	15.54454018
1437	35.58475421	15.54291122
1438	35.5776799	15.53823759
1439	35.57525206	15.53626506
1440	35.57172582	15.53407074
1441	35.56933505	15.5318789
1442	35.56668134	15.53012882
1443	35.5655053	15.52863118
1444	35.55425065	15.52539799
1445	35.55222146	15.52382321
1446	35.55074366	15.52225007
1447	35.54975133	15.52076509
1448	35.54667397	15.5182834
1449	35.53571211	15.51608414
1450	35.53356451	15.51393969
1451	35.53053558	15.5121513
1452	35.527275	15.50929666
1453	35.52541862	15.50772965
1454	35.52296641	15.50518478
1455	35.52047137	15.50301354
1456	35.51767813	15.50106148
1457	35.51647276	15.50014815
1458	35.51597951	15.49916793
1459	35.51488946	15.49836484
1460	35.5136378	15.4972744
1461	35.51058436	15.49475877
1462	35.50802135	15.49303544
1463	35.50696909	15.49206848
1464	35.50253597	15.48869369
1465	35.50207944	15.4879186
1466	35.49959709	15.48618413
1467	35.49791004	15.48465531
1468	35.49613134	15.48285501
1469	35.49272455	15.48072662
1470	35.49197185	15.47957535
1471	35.48936638	15.47828267
1472	35.4827039	15.47413526
1473	35.48009847	15.47253272
1474	35.47979719	15.47147284
1475	35.47658137	15.46740083
1476	35.473185	15.46584668
1477	35.46528756	15.46293949
1478	35.46147104	15.46156307
1479	35.46071665	15.46075006
1480	35.45944674	15.45994061
1481	35.45878188	15.4590658
1482	35.45856354	15.45849183
1483	35.45760325	15.45780588
1484	35.45355585	15.45499041
1485	35.44801694	15.45200484
1486	35.44455425	15.45012121
1487	35.43889334	15.44753314
1488	35.43377137	15.44449795
1489	35.43227818	15.44291415
1490	35.42929242	15.44101849
1491	35.41116949	15.43698474
1492	35.40989471	15.43568629
1493	35.40000253	15.43113306
1494	35.39771802	15.42905136
1495	35.39511837	15.42758649
1496	35.3943044	15.42609393
1497	35.3931787	15.42493255
1498	35.39283029	15.4241488
1499	35.39212695	15.42338248
1500	35.39168813	15.42275185
1501	35.38915745	15.42103706
1502	35.38860946	15.4205146
1503	35.38520085	15.41895171
1504	35.38456324	15.41850728
1505	35.38327834	15.41785148
1506	35.3799262	15.4158644
1507	35.37883727	15.41482193
1508	35.37771806	15.41388422
1509	35.37272197	15.41201327
1510	35.36309061	15.40956864
1511	35.35899399	15.40852035
1512	35.35745399	15.40662575
1513	35.35650095	15.40541106
1514	35.35571753	15.40479037
1515	35.3535662	15.40259923
1516	35.35174006	15.40043191
1517	35.35148901	15.39999943
1518	35.35025131	15.39893756
1519	35.34947505	15.39790295
1520	35.34587062	15.39568564
1521	35.34511538	15.39507802
1522	35.34438157	15.39426771
1523	35.34362565	15.39397427
1524	35.33975171	15.39183748
1525	35.33495322	15.39073504
1526	35.33360031	15.3889972
1527	35.33280779	15.38819832
1528	35.33139474	15.38665696
1529	35.3298525	15.3851608
1530	35.32593252	15.38243785
1531	35.31860246	15.38011728
1532	35.31747536	15.3791847
1533	35.31395739	15.37683963
1534	35.31287148	15.3754145
1535	35.3126558	15.37492512
1536	35.30770105	15.37289143
1537	35.30098183	15.36979293
1538	35.2997607	15.36859537
1539	35.29852032	15.36780224
1540	35.29698873	15.36672457
1541	35.29403455	15.3651926
1542	35.29034581	15.36280727
1543	35.28704965	15.36026077
1544	35.27560951	15.35697004
1545	35.27053618	15.35483926
1546	35.26965067	15.35336439
1547	35.26558151	15.35093643
1548	35.26483829	15.35000215
1549	35.2598489	15.34718133
1550	35.25923659	15.34613409
1551	35.25699856	15.34527007
1552	35.25568801	15.34408406
1553	35.25418143	15.34331218
1554	35.25398317	15.34297641
1555	35.25028013	15.34163642
1556	35.248071	15.33975905
1557	35.24592972	15.33839581
1558	35.23716993	15.33590738
1559	35.23476539	15.33342756
1560	35.23445358	15.33307403
1561	35.23340967	15.33161141
1562	35.23084564	15.33044111
1563	35.2301815	15.32966423
1564	35.22264318	15.32759767
1565	35.21681848	15.32423271
1566	35.21571108	15.32295857
1567	35.2146533	15.32235732
1568	35.21318427	15.32133675
1569	35.21221333	15.31981687
1570	35.2017602	15.31612127
1571	35.20023596	15.31545993
1572	35.1936453	15.3123684
1573	35.18859595	15.30971439
1574	35.1880561	15.30879937
1575	35.18782292	15.3083739
1576	35.18706516	15.30761866
1577	35.1852498	15.30662737
1578	35.18263882	15.30556885
1579	35.17983971	15.30410691
1580	35.17592607	15.30215641
1581	35.17464405	15.30062328
1582	35.17046827	15.29750667
1583	35.1698974	15.29682586
1584	35.1650548	15.29386097
1585	35.16320487	15.2918906
1586	35.15292583	15.2890661
1587	35.15202271	15.287568
1588	35.14869105	15.28608626
1589	35.14652051	15.28409961
1590	35.14402809	15.28264428
1591	35.13614388	15.27869289
1592	35.12418658	15.27497923
1593	35.12251342	15.27353934
1594	35.12213588	15.27299113
1595	35.11957345	15.27050302
1596	35.11370254	15.26735071
1597	35.1096724	15.26488227
1598	35.10638006	15.26196434
1599	35.10611372	15.26144935
1600	35.10338932	15.25946602
1601	35.10192101	15.25810336
1602	35.10009124	15.2560135
1603	35.09650395	15.25408716
1604	35.09495567	15.25312912
1605	35.09435457	15.25255056
1606	35.09147178	15.2511351
1607	35.08963687	15.24992907
1608	35.086172	15.24863673
1609	35.07912062	15.24582893
1610	35.07526672	15.24366172
1611	35.0725989	15.24154039
1612	35.0708017	15.24047965
1613	35.06985728	15.23969774
1614	35.06401248	15.23744428
1615	35.06220123	15.23545894
1616	35.06024802	15.23329202
1617	35.05778027	15.23175838
1618	35.05611689	15.23007511
1619	35.05468449	15.22855493
1620	35.05180788	15.2264798
1621	35.05009007	15.22513303
1622	35.04830662	15.22418157
1623	35.04681057	15.22258216
1624	35.03972038	15.21941362
1625	35.03916356	15.21863261
1626	35.03677648	15.21655008
1627	35.02657011	15.21334625
1628	35.02549417	15.21194698
1629	35.02519339	15.21140843
1630	35.02063452	15.20948423
1631	35.01940632	15.20840543
1632	35.01690381	15.20619472
1633	35.01596543	15.20496073
1634	35.00940638	15.20272697
1635	35.00895337	15.2019218
1636	35.00617524	15.20013902
1637	35.00214018	15.19804525
1638	34.99980374	15.19605515
1639	34.99743935	15.19446957
1640	34.99552625	15.19345319
1641	34.99331943	15.19126291
1642	34.99229245	15.19024888
1643	34.99164562	15.18960514
1644	34.98516888	15.18668605
1645	34.98451552	15.18583029
1646	34.98331016	15.18429137
1647	34.98092389	15.18212298
1648	34.98063572	15.18132761
1649	34.97912842	15.18002686
1650	34.97786832	15.17851959
1651	34.97573848	15.17665084
1652	34.97530203	15.17599844
1653	34.97226584	15.17355315
1654	34.97139565	15.17248205
1655	34.97089715	15.17154278
1656	34.97073844	15.17124341
1657	34.96860364	15.16917517
1658	34.96590422	15.16702443
1659	34.9634436	15.1653577
1660	34.96015463	15.16327149
1661	34.95809807	15.16087726
1662	34.95710121	15.1594919
1663	34.95619935	15.15816516
1664	34.9549414	15.15687946
1665	34.95321309	15.15508746
1666	34.949886	15.15305416
1667	34.94941018	15.15193613
1668	34.94797715	15.14995261
1669	34.94072574	15.14815455
1670	34.93733007	15.14674474
1671	34.93642308	15.14555654
1672	34.93374695	15.14426171
1673	34.93247492	15.14270088
1674	34.93105446	15.14174848
1675	34.92720809	15.13903422
1676	34.92614195	15.13815031
1677	34.92423956	15.13720437
1678	34.92039233	15.13565059
1679	34.91215818	15.13414482
1680	34.90897786	15.13256364
1681	34.9074974	15.1312157
1682	34.90249684	15.12916979
1683	34.90107017	15.12750877
1684	34.89973167	15.12605122
1685	34.89904025	15.12522732
1686	34.8961232	15.12348468
1687	34.88755934	15.12038207
1688	34.88447595	15.1188066
1689	34.87715484	15.11582308
1690	34.8743744	15.11480543
1691	34.8718657	15.1139756
1692	34.8689089	15.11202059
1693	34.86723625	15.11085594
1694	34.86583987	15.10999289
1695	34.86411288	15.10890281
1696	34.86274133	15.10781779
1697	34.85704565	15.1060328
1698	34.85443528	15.10378297
1699	34.85300063	15.10276426
1700	34.85215857	15.10163637
1701	34.85111291	15.10070486
1702	34.85015131	15.0993909
1703	34.84762779	15.09747
1704	34.84666897	15.09618492
1705	34.84543586	15.09463078
1706	34.84472682	15.09371724
1707	34.84315162	15.09193845
1708	34.84246396	15.09068287
1709	34.84060441	15.08969198
1710	34.83942063	15.08867247
1711	34.83763891	15.08699015
1712	34.82884015	15.08404597
1713	34.82400772	15.08218448
1714	34.82144037	15.08044357
1715	34.81898792	15.07876849
1716	34.81729416	15.07708028
1717	34.81586655	15.07589431
1718	34.8138652	15.07419533
1719	34.81067237	15.07330949
1720	34.8085324	15.07121876
1721	34.80707081	15.06973395
1722	34.80458423	15.06803654
1723	34.79989039	15.06558987
1724	34.79897543	15.06441794
1725	34.79600576	15.06301565
1726	34.788753	15.06068526
1727	34.78746721	15.05909481
1728	34.78670921	15.05789755
1729	34.78189863	15.05519906
1730	34.7805889	15.05384742
1731	34.77677038	15.05263109
1732	34.77641073	15.0519516
1733	34.7748978	15.05058183
1734	34.77384468	15.0492975
1735	34.77230724	15.04755346
1736	34.77080486	15.04587879
1737	34.76919529	15.04375824
1738	34.76607131	15.04132528
1739	34.76488161	15.04036156
1740	34.76242637	15.03881807
1741	34.75802563	15.03662067
1742	34.75620891	15.03513909
1743	34.75461278	15.0330545
1744	34.7495783	15.03038129
1745	34.7424998	15.02733887
1746	34.73762976	15.02466889
1747	34.73676192	15.02357364
1748	34.72908813	15.02017223
